,Unnamed: 0,Country,Images File Name,ImageURL
0,0,Afghanistan,Flag_of_Afghanistan.csv,https://upload.wikimedia.org/wikipedia/commons/9/9a/Flag_of_Afghanistan.svg
1,1,Albania,Flag_of_Albania.csv,https://upload.wikimedia.org/wikipedia/commons/3/36/Flag_of_Albania.svg
2,2,Algeria,Flag_of_Algeria.csv,https://upload.wikimedia.org/wikipedia/commons/7/77/Flag_of_Algeria.svg
3,184,American Samoa,Flag_of_American_Samoa.csv,https://upload.wikimedia.org/wikipedia/commons/8/87/Flag_of_American_Samoa.svg
4,3,Andorra,Flag_of_Andorra.csv,https://upload.wikimedia.org/wikipedia/commons/1/19/Flag_of_Andorra.svg
5,4,Angola,Flag_of_Angola.csv,https://upload.wikimedia.org/wikipedia/commons/9/9d/Flag_of_Angola.svg
6,185,Anguilla,Flag_of_Anguilla.csv,https://upload.wikimedia.org/wikipedia/commons/b/b4/Flag_of_Anguilla.svg
7,5,Antigua and Barbuda,Flag_of_Antigua_and_Barbuda.csv,https://upload.wikimedia.org/wikipedia/commons/8/89/Flag_of_Antigua_and_Barbuda.svg
8,6,Argentina,Flag_of_Argentina.csv,https://upload.wikimedia.org/wikipedia/commons/1/1a/Flag_of_Argentina.svg
9,7,Armenia,Flag_of_Armenia.csv,https://upload.wikimedia.org/wikipedia/commons/2/2f/Flag_of_Armenia.svg
10,186,Aruba,Flag_of_Aruba.csv,https://upload.wikimedia.org/wikipedia/commons/f/f6/Flag_of_Aruba.svg
11,8,Australia,Flag_of_Australia.csv,https://upload.wikimedia.org/wikipedia/commons/8/88/Flag_of_Australia_%28converted%29.svg
12,9,Austria,Flag_of_Austria.csv,https://upload.wikimedia.org/wikipedia/commons/4/41/Flag_of_Austria.svg
13,10,Azerbaijan,Flag_of_Azerbaijan.csv,https://upload.wikimedia.org/wikipedia/commons/d/dd/Flag_of_Azerbaijan.svg
14,11,Bahamas,Flag_of_Bahamas.csv,https://upload.wikimedia.org/wikipedia/commons/9/93/Flag_of_the_Bahamas.svg
15,12,Bahrain,Flag_of_Bahrain.csv,https://upload.wikimedia.org/wikipedia/commons/2/2c/Flag_of_Bahrain.svg
16,13,Bangladesh,Flag_of_Bangladesh.csv,https://upload.wikimedia.org/wikipedia/commons/f/f9/Flag_of_Bangladesh.svg
17,14,Barbados,Flag_of_Barbados.csv,https://upload.wikimedia.org/wikipedia/commons/e/ef/Flag_of_Barbados.svg
18,15,Belarus,Flag_of_Belarus.csv,https://upload.wikimedia.org/wikipedia/commons/8/85/Flag_of_Belarus.svg
19,16,Belgium,Flag_of_Belgium.csv,https://upload.wikimedia.org/wikipedia/commons/9/92/Flag_of_Belgium_%28civil%29.svg
20,17,Belize,Flag_of_Belize.csv,https://upload.wikimedia.org/wikipedia/commons/e/e7/Flag_of_Belize.svg
21,18,Benin,Flag_of_Benin.csv,https://upload.wikimedia.org/wikipedia/commons/0/0a/Flag_of_Benin.svg
22,187,Bermuda,Flag_of_Bermuda.csv,https://upload.wikimedia.org/wikipedia/commons/b/bf/Flag_of_Bermuda.svg
23,19,Bhutan,Flag_of_Bhutan.csv,https://upload.wikimedia.org/wikipedia/commons/9/91/Flag_of_Bhutan.svg
24,20,Bolivia,Flag_of_Bolivia.csv,https://upload.wikimedia.org/wikipedia/commons/4/48/Flag_of_Bolivia.svg
25,21,Bosnia and Herzegovina,Flag_of_Bosnia_and_Herzegovina.csv,https://upload.wikimedia.org/wikipedia/commons/b/bf/Flag_of_Bosnia_and_Herzegovina.svg
26,22,Botswana,Flag_of_Botswana.csv,https://upload.wikimedia.org/wikipedia/commons/f/fa/Flag_of_Botswana.svg
27,23,Brazil,Flag_of_Brazil.csv,https://upload.wikimedia.org/wikipedia/en/0/05/Flag_of_Brazil.svg
28,188,British Virgin Islands,Flag_of_British_Virgin_Islands.csv,https://upload.wikimedia.org/wikipedia/commons/4/42/Flag_of_the_British_Virgin_Islands.svg
29,24,Brunei,Flag_of_Brunei.csv,https://upload.wikimedia.org/wikipedia/commons/9/9c/Flag_of_Brunei.svg
30,25,Bulgaria,Flag_of_Bulgaria.csv,https://upload.wikimedia.org/wikipedia/commons/9/9a/Flag_of_Bulgaria.svg
31,26,Burkina Faso,Flag_of_Burkina_Faso.csv,https://upload.wikimedia.org/wikipedia/commons/3/31/Flag_of_Burkina_Faso.svg
32,27,Burundi,Flag_of_Burundi.csv,https://upload.wikimedia.org/wikipedia/commons/5/50/Flag_of_Burundi.svg
33,28,Cambodia,Flag_of_Cambodia.csv,https://upload.wikimedia.org/wikipedia/commons/8/83/Flag_of_Cambodia.svg
34,29,Cameroon,Flag_of_Cameroon.csv,https://upload.wikimedia.org/wikipedia/commons/4/4f/Flag_of_Cameroon.svg
35,30,Canada,Flag_of_Canada.csv,https://upload.wikimedia.org/wikipedia/en/c/cf/Flag_of_Canada.svg
36,31,Cape Verde,Flag_of_Cape_Verde.csv,https://upload.wikimedia.org/wikipedia/commons/3/38/Flag_of_Cape_Verde.svg
37,189,Cayman Islands,Flag_of_Cayman_Islands.csv,https://upload.wikimedia.org/wikipedia/commons/0/0f/Flag_of_the_Cayman_Islands.svg
38,32,Central African Republic,Flag_of_Central_African_Republic.csv,https://upload.wikimedia.org/wikipedia/commons/6/6f/Flag_of_the_Central_African_Republic.svg
39,33,Chad,Flag_of_Chad.csv,https://upload.wikimedia.org/wikipedia/commons/4/4b/Flag_of_Chad.svg
40,34,Chile,Flag_of_Chile.csv,https://upload.wikimedia.org/wikipedia/commons/7/78/Flag_of_Chile.svg
41,35,China,Flag_of_China.csv,https://upload.wikimedia.org/wikipedia/commons/f/fa/Flag_of_the_People%27s_Republic_of_China.svg
42,36,Colombia,Flag_of_Colombia.csv,https://upload.wikimedia.org/wikipedia/commons/2/21/Flag_of_Colombia.svg
43,37,Comoros,Flag_of_Comoros.csv,https://upload.wikimedia.org/wikipedia/commons/9/94/Flag_of_the_Comoros.svg
44,181,Cook Islands,Flag_of_Cook_Islands.csv,https://upload.wikimedia.org/wikipedia/commons/3/35/Flag_of_the_Cook_Islands.svg
45,40,Costa Rica,Flag_of_Costa_Rica.csv,https://upload.wikimedia.org/wikipedia/commons/f/f2/Flag_of_Costa_Rica.svg
46,41,Croatia,Flag_of_Croatia.csv,https://upload.wikimedia.org/wikipedia/commons/1/1b/Flag_of_Croatia.svg
47,42,Cuba,Flag_of_Cuba.csv,https://upload.wikimedia.org/wikipedia/commons/b/bd/Flag_of_Cuba.svg
48,190,Curaçao,Flag_of_Curaçao.csv,https://upload.wikimedia.org/wikipedia/commons/b/b1/Flag_of_Cura%C3%A7ao.svg
49,43,Cyprus,Flag_of_Cyprus.csv,https://upload.wikimedia.org/wikipedia/commons/d/d4/Flag_of_Cyprus.svg
50,44,Czech Republic,Flag_of_Czech_Republic.csv,https://upload.wikimedia.org/wikipedia/commons/c/cb/Flag_of_the_Czech_Republic.svg
51,191,Czechoslovakia,Flag_of_Czechoslovakia.csv,https://upload.wikimedia.org/wikipedia/commons/9/94/Greater_coat_of_arms_of_Czechoslovakia_%281918-1938_and_1945-1961%29.svg
52,38,Democratic Republic of Congo,Flag_of_Democratic_Republic_of_Congo.csv,https://upload.wikimedia.org/wikipedia/commons/6/6f/Flag_of_the_Democratic_Republic_of_the_Congo.svg
53,45,Denmark,Flag_of_Denmark.csv,https://upload.wikimedia.org/wikipedia/commons/9/9c/Flag_of_Denmark.svg
54,46,Djibouti,Flag_of_Djibouti.csv,https://upload.wikimedia.org/wikipedia/commons/3/34/Flag_of_Djibouti.svg
55,47,Dominica,Flag_of_Dominica.csv,https://upload.wikimedia.org/wikipedia/commons/c/c4/Flag_of_Dominica.svg
56,48,Dominican Republic,Flag_of_Dominican_Republic.csv,https://upload.wikimedia.org/wikipedia/commons/9/9f/Flag_of_the_Dominican_Republic.svg
58,50,Ecuador,Flag_of_Ecuador.csv,https://upload.wikimedia.org/wikipedia/commons/e/e8/Flag_of_Ecuador.svg
59,51,Egypt,Flag_of_Egypt.csv,https://upload.wikimedia.org/wikipedia/commons/f/fe/Flag_of_Egypt.svg
60,52,El Salvador,Flag_of_El_Salvador.csv,https://upload.wikimedia.org/wikipedia/commons/3/34/Flag_of_El_Salvador.svg
61,192,England,Flag_of_England.csv,https://upload.wikimedia.org/wikipedia/en/b/be/Flag_of_England.svg
62,53,Equatorial Guinea,Flag_of_Equatorial_Guinea.csv,https://upload.wikimedia.org/wikipedia/commons/3/31/Flag_of_Equatorial_Guinea.svg
63,54,Eritrea,Flag_of_Eritrea.csv,https://upload.wikimedia.org/wikipedia/commons/2/29/Flag_of_Eritrea.svg
64,55,Estonia,Flag_of_Estonia.csv,https://upload.wikimedia.org/wikipedia/commons/8/8f/Flag_of_Estonia.svg
65,194,Eswatini,Flag_of_Eswatini.csv,https://upload.wikimedia.org/wikipedia/commons/f/fb/Flag_of_Eswatini.svg
66,56,Ethiopia,Flag_of_Ethiopia.csv,https://upload.wikimedia.org/wikipedia/commons/7/71/Flag_of_Ethiopia.svg
67,193,Faroe Islands,Flag_of_Faroe_Islands.csv,https://upload.wikimedia.org/wikipedia/commons/3/3c/Flag_of_the_Faroe_Islands.svg
68,57,Fiji,Flag_of_Fiji.csv,https://upload.wikimedia.org/wikipedia/commons/b/ba/Flag_of_Fiji.svg
69,58,Finland,Flag_of_Finland.csv,https://upload.wikimedia.org/wikipedia/commons/b/bc/Flag_of_Finland.svg
70,59,France,Flag_of_France.csv,https://upload.wikimedia.org/wikipedia/en/c/c3/Flag_of_France.svg
71,60,Gabon,Flag_of_Gabon.csv,https://upload.wikimedia.org/wikipedia/commons/0/04/Flag_of_Gabon.svg
72,195,Gambia,Flag_of_Gambia.csv,https://upload.wikimedia.org/wikipedia/commons/7/77/Flag_of_The_Gambia.svg
73,61,Georgia,Flag_of_Georgia.csv,https://upload.wikimedia.org/wikipedia/commons/0/0f/Flag_of_Georgia.svg
74,196,German Democratic Republic,Flag_of_German_Democratic_Republic.csv,https://upload.wikimedia.org/wikipedia/commons/9/97/Flag_of_the_German_Democratic_Republic.svg
75,62,Germany,Flag_of_Germany.csv,https://upload.wikimedia.org/wikipedia/en/b/ba/Flag_of_Germany.svg
76,63,Ghana,Flag_of_Ghana.csv,https://upload.wikimedia.org/wikipedia/commons/1/19/Flag_of_Ghana.svg
77,197,Gibraltar,Flag_of_Gibraltar.csv,https://upload.wikimedia.org/wikipedia/commons/0/02/Flag_of_Gibraltar.svg
78,64,Greece,Flag_of_Greece.csv,https://upload.wikimedia.org/wikipedia/commons/5/5c/Flag_of_Greece.svg
79,65,Grenada,Flag_of_Grenada.csv,https://upload.wikimedia.org/wikipedia/commons/b/bc/Flag_of_Grenada.svg
80,198,Guam,Flag_of_Guam.csv,https://upload.wikimedia.org/wikipedia/commons/0/07/Flag_of_Guam.svg
81,66,Guatemala,Flag_of_Guatemala.csv,https://upload.wikimedia.org/wikipedia/commons/e/ec/Flag_of_Guatemala.svg
82,67,Guinea,Flag_of_Guinea.csv,https://upload.wikimedia.org/wikipedia/commons/e/ed/Flag_of_Guinea.svg
83,68,Guinea-Bissau,Flag_of_Guinea-Bissau.csv,https://upload.wikimedia.org/wikipedia/commons/0/01/Flag_of_Guinea-Bissau.svg
84,69,Guyana,Flag_of_Guyana.csv,https://upload.wikimedia.org/wikipedia/commons/9/99/Flag_of_Guyana.svg
85,70,Haiti,Flag_of_Haiti.csv,https://upload.wikimedia.org/wikipedia/commons/5/56/Flag_of_Haiti.svg
86,71,Honduras,Flag_of_Honduras.csv,https://upload.wikimedia.org/wikipedia/commons/8/82/Flag_of_Honduras.svg
87,199,Hong Kong,Flag_of_Hong_Kong.csv,https://upload.wikimedia.org/wikipedia/commons/5/5b/Flag_of_Hong_Kong.svg
88,72,Hungary,Flag_of_Hungary.csv,https://upload.wikimedia.org/wikipedia/commons/c/c1/Flag_of_Hungary.svg
89,73,Iceland,Flag_of_Iceland.csv,https://upload.wikimedia.org/wikipedia/commons/c/ce/Flag_of_Iceland.svg
90,74,India,Flag_of_India.csv,https://upload.wikimedia.org/wikipedia/en/4/41/Flag_of_India.svg
91,75,Indonesia,Flag_of_Indonesia.csv,https://upload.wikimedia.org/wikipedia/commons/9/9f/Flag_of_Indonesia.svg
92,76,Iran,Flag_of_Iran.csv,https://upload.wikimedia.org/wikipedia/commons/c/ca/Flag_of_Iran.svg
93,77,Iraq,Flag_of_Iraq.csv,https://upload.wikimedia.org/wikipedia/commons/f/f6/Flag_of_Iraq.svg
94,78,Ireland,Flag_of_Ireland.csv,https://upload.wikimedia.org/wikipedia/commons/4/45/Flag_of_Ireland.svg
95,79,Israel,Flag_of_Israel.csv,https://upload.wikimedia.org/wikipedia/commons/d/d4/Flag_of_Israel.svg
96,80,Italy,Flag_of_Italy.csv,https://upload.wikimedia.org/wikipedia/en/0/03/Flag_of_Italy.svg
97,81,Ivory Coast,Flag_of_Ivory_Coast.csv,https://upload.wikimedia.org/wikipedia/commons/f/fe/Flag_of_C%C3%B4te_d%27Ivoire.svg
98,82,Jamaica,Flag_of_Jamaica.csv,https://upload.wikimedia.org/wikipedia/commons/0/0a/Flag_of_Jamaica.svg
99,83,Japan,Flag_of_Japan.csv,https://upload.wikimedia.org/wikipedia/en/9/9e/Flag_of_Japan.svg
100,84,Jordan,Flag_of_Jordan.csv,https://upload.wikimedia.org/wikipedia/commons/c/c0/Flag_of_Jordan.svg
101,85,Kazakhstan,Flag_of_Kazakhstan.csv,https://upload.wikimedia.org/wikipedia/commons/d/d3/Flag_of_Kazakhstan.svg
102,86,Kenya,Flag_of_Kenya.csv,https://upload.wikimedia.org/wikipedia/commons/4/49/Flag_of_Kenya.svg
103,182,Kosovo,Flag_of_Kosovo.csv,https://upload.wikimedia.org/wikipedia/commons/1/1f/Flag_of_Kosovo.svg
104,89,Kuwait,Flag_of_Kuwait.csv,https://upload.wikimedia.org/wikipedia/commons/a/aa/Flag_of_Kuwait.svg
105,90,Kyrgyzstan,Flag_of_Kyrgyzstan.csv,https://upload.wikimedia.org/wikipedia/commons/c/c7/Flag_of_Kyrgyzstan.svg
106,91,Laos,Flag_of_Laos.csv,https://upload.wikimedia.org/wikipedia/commons/5/56/Flag_of_Laos.svg
107,92,Latvia,Flag_of_Latvia.csv,https://upload.wikimedia.org/wikipedia/commons/8/84/Flag_of_Latvia.svg
108,93,Lebanon,Flag_of_Lebanon.csv,https://upload.wikimedia.org/wikipedia/commons/5/59/Flag_of_Lebanon.svg
109,94,Lesotho,Flag_of_Lesotho.csv,https://upload.wikimedia.org/wikipedia/commons/4/4a/Flag_of_Lesotho.svg
110,95,Liberia,Flag_of_Liberia.csv,https://upload.wikimedia.org/wikipedia/commons/b/b8/Flag_of_Liberia.svg
111,96,Libya,Flag_of_Libya.csv,https://upload.wikimedia.org/wikipedia/commons/0/05/Flag_of_Libya.svg
112,97,Liechtenstein,Flag_of_Liechtenstein.csv,https://upload.wikimedia.org/wikipedia/commons/4/47/Flag_of_Liechtenstein.svg
113,98,Lithuania,Flag_of_Lithuania.csv,https://upload.wikimedia.org/wikipedia/commons/1/11/Flag_of_Lithuania.svg
114,99,Luxembourg,Flag_of_Luxembourg.csv,https://upload.wikimedia.org/wikipedia/commons/d/da/Flag_of_Luxembourg.svg
115,200,Macau,Flag_of_Macau.csv,https://upload.wikimedia.org/wikipedia/commons/6/63/Flag_of_Macau.svg
116,100,Madagascar,Flag_of_Madagascar.csv,https://upload.wikimedia.org/wikipedia/commons/b/bc/Flag_of_Madagascar.svg
117,101,Malawi,Flag_of_Malawi.csv,https://upload.wikimedia.org/wikipedia/commons/d/d1/Flag_of_Malawi.svg
118,102,Malaysia,Flag_of_Malaysia.csv,https://upload.wikimedia.org/wikipedia/commons/6/66/Flag_of_Malaysia.svg
119,103,Maldives,Flag_of_Maldives.csv,https://upload.wikimedia.org/wikipedia/commons/0/0f/Flag_of_Maldives.svg
120,104,Mali,Flag_of_Mali.csv,https://upload.wikimedia.org/wikipedia/commons/9/92/Flag_of_Mali.svg
121,105,Malta,Flag_of_Malta.csv,https://upload.wikimedia.org/wikipedia/commons/7/73/Flag_of_Malta.svg
122,106,Mauritania,Flag_of_Mauritania.csv,https://upload.wikimedia.org/wikipedia/commons/4/43/Flag_of_Mauritania.svg
123,107,Mauritius,Flag_of_Mauritius.csv,https://upload.wikimedia.org/wikipedia/commons/7/77/Flag_of_Mauritius.svg
124,108,Mexico,Flag_of_Mexico.csv,https://upload.wikimedia.org/wikipedia/commons/f/fc/Flag_of_Mexico.svg
125,109,Moldova,Flag_of_Moldova.csv,https://upload.wikimedia.org/wikipedia/commons/2/27/Flag_of_Moldova.svg
126,110,Mongolia,Flag_of_Mongolia.csv,https://upload.wikimedia.org/wikipedia/commons/4/4c/Flag_of_Mongolia.svg
127,111,Montenegro,Flag_of_Montenegro.csv,https://upload.wikimedia.org/wikipedia/commons/6/64/Flag_of_Montenegro.svg
128,201,Montserrat,Flag_of_Montserrat.csv,https://upload.wikimedia.org/wikipedia/commons/d/d0/Flag_of_Montserrat.svg
129,112,Morocco,Flag_of_Morocco.csv,https://upload.wikimedia.org/wikipedia/commons/2/2c/Flag_of_Morocco.svg
130,113,Mozambique,Flag_of_Mozambique.csv,https://upload.wikimedia.org/wikipedia/commons/d/d0/Flag_of_Mozambique.svg
131,114,Myanmar,Flag_of_Myanmar.csv,https://upload.wikimedia.org/wikipedia/commons/8/8c/Flag_of_Myanmar.svg
132,115,Namibia,Flag_of_Namibia.csv,https://upload.wikimedia.org/wikipedia/commons/0/00/Flag_of_Namibia.svg
133,116,Nepal,Flag_of_Nepal.csv,https://upload.wikimedia.org/wikipedia/commons/9/9b/Flag_of_Nepal.svg
134,117,Netherlands,Flag_of_Netherlands.csv,https://upload.wikimedia.org/wikipedia/commons/2/20/Flag_of_the_Netherlands.svg
135,202,New Caledonia,Flag_of_New_Caledonia.csv,https://upload.wikimedia.org/wikipedia/commons/6/66/Flag_of_FLNKS.svg
136,118,New Zealand,Flag_of_New_Zealand.csv,https://upload.wikimedia.org/wikipedia/commons/3/3e/Flag_of_New_Zealand.svg
137,119,Nicaragua,Flag_of_Nicaragua.csv,https://upload.wikimedia.org/wikipedia/commons/1/19/Flag_of_Nicaragua.svg
138,120,Niger,Flag_of_Niger.csv,https://upload.wikimedia.org/wikipedia/commons/f/f4/Flag_of_Niger.svg
139,121,Nigeria,Flag_of_Nigeria.csv,https://upload.wikimedia.org/wikipedia/commons/7/79/Flag_of_Nigeria.svg
140,87,North Korea,Flag_of_North_Korea.csv,https://upload.wikimedia.org/wikipedia/commons/5/51/Flag_of_North_Korea.svg
141,203,North Macedonia,Flag_of_North_Macedonia.csv,https://upload.wikimedia.org/wikipedia/commons/7/79/Flag_of_North_Macedonia.svg
142,204,Northern Ireland,Flag_of_Northern_Ireland.csv,https://upload.wikimedia.org/wikipedia/commons/d/d0/Ulster_Banner.svg
143,122,Norway,Flag_of_Norway.csv,https://upload.wikimedia.org/wikipedia/commons/d/d9/Flag_of_Norway.svg
144,123,Oman,Flag_of_Oman.csv,https://upload.wikimedia.org/wikipedia/commons/d/dd/Flag_of_Oman.svg
145,124,Pakistan,Flag_of_Pakistan.csv,https://upload.wikimedia.org/wikipedia/commons/3/32/Flag_of_Pakistan.svg
146,125,Palestine,Flag_of_Palestine.csv,https://upload.wikimedia.org/wikipedia/commons/0/00/Flag_of_Palestine.svg
147,126,Panama,Flag_of_Panama.csv,https://upload.wikimedia.org/wikipedia/commons/a/ab/Flag_of_Panama.svg
148,127,Papua New Guinea,Flag_of_Papua_New_Guinea.csv,https://upload.wikimedia.org/wikipedia/commons/e/e3/Flag_of_Papua_New_Guinea.svg
149,128,Paraguay,Flag_of_Paraguay.csv,https://upload.wikimedia.org/wikipedia/commons/2/27/Flag_of_Paraguay.svg
150,129,Peru,Flag_of_Peru.csv,https://upload.wikimedia.org/wikipedia/commons/c/cf/Flag_of_Peru.svg
151,130,Philippines,Flag_of_Philippines.csv,https://upload.wikimedia.org/wikipedia/commons/9/99/Flag_of_the_Philippines.svg
152,131,Poland,Flag_of_Poland.csv,https://upload.wikimedia.org/wikipedia/en/1/12/Flag_of_Poland.svg
153,132,Portugal,Flag_of_Portugal.csv,https://upload.wikimedia.org/wikipedia/commons/5/5c/Flag_of_Portugal.svg
154,205,Puerto Rico,Flag_of_Puerto_Rico.csv,https://upload.wikimedia.org/wikipedia/commons/2/28/Flag_of_Puerto_Rico.svg
155,133,Qatar,Flag_of_Qatar.csv,https://upload.wikimedia.org/wikipedia/commons/6/65/Flag_of_Qatar.svg
156,183,Republic of China,Flag_of_Republic_of_China.csv,https://upload.wikimedia.org/wikipedia/commons/7/72/Flag_of_the_Republic_of_China.svg
157,39,Republic of Congo,Flag_of_Republic_of_Congo.csv,https://upload.wikimedia.org/wikipedia/commons/9/92/Flag_of_the_Republic_of_the_Congo.svg
158,134,Romania,Flag_of_Romania.csv,https://upload.wikimedia.org/wikipedia/commons/7/73/Flag_of_Romania.svg
159,135,Russia,Flag_of_Russia.csv,https://upload.wikimedia.org/wikipedia/en/f/f3/Flag_of_Russia.svg
160,136,Rwanda,Flag_of_Rwanda.csv,https://upload.wikimedia.org/wikipedia/commons/1/17/Flag_of_Rwanda.svg
161,206,Saarland,Flag_of_Saarland.csv,https://upload.wikimedia.org/wikipedia/commons/f/f7/Flag_of_Saarland.svg
162,137,Saint Kitts and Nevis,Flag_of_Saint_Kitts_and_Nevis.csv,https://upload.wikimedia.org/wikipedia/commons/f/fe/Flag_of_Saint_Kitts_and_Nevis.svg
163,138,Saint Lucia,Flag_of_Saint_Lucia.csv,https://upload.wikimedia.org/wikipedia/commons/9/9f/Flag_of_Saint_Lucia.svg
164,207,Saint Vincent and the Grenadines,Flag_of_Saint_Vincent_and_the_Grenadines.csv,https://upload.wikimedia.org/wikipedia/commons/6/6d/Flag_of_Saint_Vincent_and_the_Grenadines.svg
165,139,Samoa,Flag_of_Samoa.csv,https://upload.wikimedia.org/wikipedia/commons/3/31/Flag_of_Samoa.svg
166,140,San Marino,Flag_of_San_Marino.csv,https://upload.wikimedia.org/wikipedia/commons/b/b1/Flag_of_San_Marino.svg
167,141,Saudi Arabia,Flag_of_Saudi_Arabia.csv,https://upload.wikimedia.org/wikipedia/commons/0/0d/Flag_of_Saudi_Arabia.svg
168,208,Scotland,Flag_of_Scotland.csv,https://upload.wikimedia.org/wikipedia/commons/1/10/Flag_of_Scotland.svg
169,142,Senegal,Flag_of_Senegal.csv,https://upload.wikimedia.org/wikipedia/commons/f/fd/Flag_of_Senegal.svg
170,143,Serbia,Flag_of_Serbia.csv,https://upload.wikimedia.org/wikipedia/commons/f/ff/Flag_of_Serbia.svg
171,144,Seychelles,Flag_of_Seychelles.csv,https://upload.wikimedia.org/wikipedia/commons/f/fc/Flag_of_Seychelles.svg
172,145,Sierra Leone,Flag_of_Sierra_Leone.csv,https://upload.wikimedia.org/wikipedia/commons/1/17/Flag_of_Sierra_Leone.svg
173,146,Singapore,Flag_of_Singapore.csv,https://upload.wikimedia.org/wikipedia/commons/4/48/Flag_of_Singapore.svg
174,147,Slovakia,Flag_of_Slovakia.csv,https://upload.wikimedia.org/wikipedia/commons/e/e6/Flag_of_Slovakia.svg
175,148,Slovenia,Flag_of_Slovenia.csv,https://upload.wikimedia.org/wikipedia/commons/f/f0/Flag_of_Slovenia.svg
176,149,Solomon Islands,Flag_of_Solomon_Islands.csv,https://upload.wikimedia.org/wikipedia/commons/7/74/Flag_of_the_Solomon_Islands.svg
177,150,Somalia,Flag_of_Somalia.csv,https://upload.wikimedia.org/wikipedia/commons/a/a0/Flag_of_Somalia.svg
178,151,South Africa,Flag_of_South_Africa.csv,https://upload.wikimedia.org/wikipedia/commons/a/af/Flag_of_South_Africa.svg
179,88,South Korea,Flag_of_South_Korea.csv,https://upload.wikimedia.org/wikipedia/commons/0/09/Flag_of_South_Korea.svg
180,152,South Sudan,Flag_of_South_Sudan.csv,https://upload.wikimedia.org/wikipedia/commons/7/7a/Flag_of_South_Sudan.svg
181,153,Spain,Flag_of_Spain.csv,https://upload.wikimedia.org/wikipedia/en/9/9a/Flag_of_Spain.svg
182,154,Sri Lanka,Flag_of_Sri_Lanka.csv,https://upload.wikimedia.org/wikipedia/commons/1/11/Flag_of_Sri_Lanka.svg
183,155,Sudan,Flag_of_Sudan.csv,https://upload.wikimedia.org/wikipedia/commons/0/01/Flag_of_Sudan.svg
184,156,Suriname,Flag_of_Suriname.csv,https://upload.wikimedia.org/wikipedia/commons/6/60/Flag_of_Suriname.svg
185,157,Sweden,Flag_of_Sweden.csv,https://upload.wikimedia.org/wikipedia/en/4/4c/Flag_of_Sweden.svg
186,158,Switzerland,Flag_of_Switzerland.csv,https://upload.wikimedia.org/wikipedia/commons/0/08/Flag_of_Switzerland_%28Pantone%29.svg
187,159,Syria,Flag_of_Syria.csv,https://upload.wikimedia.org/wikipedia/commons/5/53/Flag_of_Syria.svg
188,209,São Tomé and Príncipe,Flag_of_São_Tomé_and_Príncipe.csv,https://upload.wikimedia.org/wikipedia/commons/4/4f/Flag_of_Sao_Tome_and_Principe.svg
189,210,Tahiti,Flag_of_Tahiti.csv,https://upload.wikimedia.org/wikipedia/commons/d/db/Flag_of_French_Polynesia.svg
190,160,Tajikistan,Flag_of_Tajikistan.csv,https://upload.wikimedia.org/wikipedia/commons/d/d0/Flag_of_Tajikistan.svg
191,161,Tanzania,Flag_of_Tanzania.csv,https://upload.wikimedia.org/wikipedia/commons/3/38/Flag_of_Tanzania.svg
192,162,Thailand,Flag_of_Thailand.csv,https://upload.wikimedia.org/wikipedia/commons/a/a9/Flag_of_Thailand.svg
193,216,Timor-Leste,Flag_of_Timor-Leste.csv,https://upload.wikimedia.org/wikipedia/commons/2/26/Flag_of_East_Timor.svg
194,163,Togo,Flag_of_Togo.csv,https://upload.wikimedia.org/wikipedia/commons/6/68/Flag_of_Togo.svg
195,164,Tonga,Flag_of_Tonga.csv,https://upload.wikimedia.org/wikipedia/commons/9/9a/Flag_of_Tonga.svg
196,165,Trinidad and Tobago,Flag_of_Trinidad_and_Tobago.csv,https://upload.wikimedia.org/wikipedia/commons/6/64/Flag_of_Trinidad_and_Tobago.svg
197,166,Tunisia,Flag_of_Tunisia.csv,https://upload.wikimedia.org/wikipedia/commons/c/ce/Flag_of_Tunisia.svg
198,167,Turkey,Flag_of_Turkey.csv,https://upload.wikimedia.org/wikipedia/commons/b/b4/Flag_of_Turkey.svg
199,168,Turkmenistan,Flag_of_Turkmenistan.csv,https://upload.wikimedia.org/wikipedia/commons/1/1b/Flag_of_Turkmenistan.svg
200,211,Turks and Caicos Islands,Flag_of_Turks_and_Caicos_Islands.csv,https://upload.wikimedia.org/wikipedia/commons/a/a0/Flag_of_the_Turks_and_Caicos_Islands.svg
201,212,U.S. Virgin Islands,Flag_of_U.S._Virgin_Islands.csv,https://upload.wikimedia.org/wikipedia/commons/f/f8/Flag_of_the_United_States_Virgin_Islands.svg
202,169,Uganda,Flag_of_Uganda.csv,https://upload.wikimedia.org/wikipedia/commons/4/4e/Flag_of_Uganda.svg
203,170,Ukraine,Flag_of_Ukraine.csv,https://upload.wikimedia.org/wikipedia/commons/4/49/Flag_of_Ukraine.svg
204,171,United Arab Emirates,Flag_of_United_Arab_Emirates.csv,https://upload.wikimedia.org/wikipedia/commons/c/cb/Flag_of_the_United_Arab_Emirates.svg
205,172,United States,Flag_of_United_States.csv,https://upload.wikimedia.org/wikipedia/en/a/a4/Flag_of_the_United_States.svg
206,173,Uruguay,Flag_of_Uruguay.csv,https://upload.wikimedia.org/wikipedia/commons/f/fe/Flag_of_Uruguay.svg
207,174,Uzbekistan,Flag_of_Uzbekistan.csv,https://upload.wikimedia.org/wikipedia/commons/8/84/Flag_of_Uzbekistan.svg
208,175,Vanuatu,Flag_of_Vanuatu.csv,https://upload.wikimedia.org/wikipedia/commons/b/bc/Flag_of_Vanuatu.svg
209,176,Venezuela,Flag_of_Venezuela.csv,https://upload.wikimedia.org/wikipedia/commons/0/06/Flag_of_Venezuela.svg
210,177,Vietnam,Flag_of_Vietnam.csv,https://upload.wikimedia.org/wikipedia/commons/2/21/Flag_of_Vietnam.svg
211,213,Wales,Flag_of_Wales.csv,https://upload.wikimedia.org/wikipedia/commons/a/a9/Flag_of_Wales_%281959%E2%80%93present%29.svg
212,178,Yemen,Flag_of_Yemen.csv,https://upload.wikimedia.org/wikipedia/commons/8/89/Flag_of_Yemen.svg
213,214,Yemen DPR,Flag_of_Yemen_DPR.csv,https://upload.wikimedia.org/wikipedia/commons/d/db/Flag_of_South_Yemen.svg
214,215,Yugoslavia,Flag_of_Yugoslavia.csv,https://upload.wikimedia.org/wikipedia/commons/6/61/Flag_of_Yugoslavia_%281946-1992%29.svg
215,179,Zambia,Flag_of_Zambia.csv,https://upload.wikimedia.org/wikipedia/commons/0/06/Flag_of_Zambia.svg
216,180,Zimbabwe,Flag_of_Zimbabwe.csv,https://upload.wikimedia.org/wikipedia/commons/6/6a/Flag_of_Zimbabwe.svg
